Artist / Brand,Description,Type,Approach,Attachment,Category,Platform / Medium,Digi / IRL,Year
30 Seconds To Mars,Jared Leto climbs Empire State Building to announce tour,Artist,Ideas,,"Activation, Announcement",Building,IRL,2023
Adele,Surprises fans at an impersonator competition,Artist,Ideas,../Bible%20Marketing%20Database%2026bd3798725d8116ae2cff686c8318ac/5f4ddaf9-5d5f-4160-8670-eb3fa2b6b4fb.jpg,"Fans, Surprise",Venue,IRL,2015
Airbnb,"Famous house recreations – Barbie, Paddington",Brand,Ideas,"../Bible%20Marketing%20Database%2026bd3798725d8116ae2cff686c8318ac/airbnb-icons-ferrari-up-prince-musee-orsay-x-mansion_dezeen_2364_col_16-1704x1136.jpg, ../Bible%20Marketing%20Database%2026bd3798725d8116ae2cff686c8318ac/01-Kens-DreamHouse-Airbnb-Exterior-Credit-Hogwash-Studios-2.webp, ../Bible%20Marketing%20Database%2026bd3798725d8116ae2cff686c8318ac/465741344_926034616038579_7227111368075520360_n.jpg, ../Bible%20Marketing%20Database%2026bd3798725d8116ae2cff686c8318ac/465608119_1541782373109129_3269343564853078418_n.jpg",Brand Partnerships,Venue,IRL,2024
Alessi Rose,Disposable cameras at gigs for fans to take pictures. Photos developed and share on socials and gallery on website,Artist,Ideas,,"Fans, Live","Cameras, Venue",IRL,2024
Alessi Rose,Fan hang billboard – creating an anniversary moment,Artist,Ideas,../Bible%20Marketing%20Database%2026bd3798725d8116ae2cff686c8318ac/Alessi_Rose_-_EP_Billboard.pdf,"Advertising, Outdoor",Billboard,IRL,2024
Alessi Rose,Surprise call fans and play them some new music,Artist,Ideas,,"Fans, Surprise",Phone,Digital,2024
Alien,People with Facehuggers on them around places in New York,Film,Ideas,"../Bible%20Marketing%20Database%2026bd3798725d8116ae2cff686c8318ac/454366467_463832556524165_2279610804673782240_n.jpg, ../Bible%20Marketing%20Database%2026bd3798725d8116ae2cff686c8318ac/454401323_1209650676823931_3404737867897981841_n.jpg, ../Bible%20Marketing%20Database%2026bd3798725d8116ae2cff686c8318ac/454094652_1564415851159742_2490771476278581404_n.jpg","Film, Prop",City,IRL,2024
American Football,House from artwork turned into pop-up shop,Artist,Ideas,"../Bible%20Marketing%20Database%2026bd3798725d8116ae2cff686c8318ac/american-football-house-popup-1698241666.jpg, ../Bible%20Marketing%20Database%2026bd3798725d8116ae2cff686c8318ac/American_Football_House_(corrected).jpg, ../Bible%20Marketing%20Database%2026bd3798725d8116ae2cff686c8318ac/American-Football-LP1-1568826736-1000x1000.jpg",Shop,House,IRL,2023
Aphex Twin,Augmented Reality app for EP release,Artist,Ideas,"../Bible%20Marketing%20Database%2026bd3798725d8116ae2cff686c8318ac/Screenshot_2023-08-25_at_17.14.07.png, ../Bible%20Marketing%20Database%2026bd3798725d8116ae2cff686c8318ac/Untitled-1-1536x864.jpg, ../Bible%20Marketing%20Database%2026bd3798725d8116ae2cff686c8318ac/AphexTwin-BlackboxLifeRecorder21f_inaroom7F760_2e15ac09-016c-4b5b-a779-fe17e3a1b296.webp",AR,"App, Mobile",Digital,2023
Aphex Twin,Augmented Reality app for Crack Magazine cover issue,Artist,Ideas,"../Bible%20Marketing%20Database%2026bd3798725d8116ae2cff686c8318ac/Screenshot_2023-10-16_at_12.28.40.png, ../Bible%20Marketing%20Database%2026bd3798725d8116ae2cff686c8318ac/Screenshot_2023-10-16_at_12.28.16.png, ../Bible%20Marketing%20Database%2026bd3798725d8116ae2cff686c8318ac/Screenshot_2023-10-16_at_12.27.53.png, ../Bible%20Marketing%20Database%2026bd3798725d8116ae2cff686c8318ac/Screenshot_2023-10-16_at_12.27.20.png","AR, Press","App, Magazine, Mobile","Digital, IRL",2018
Aphex Twin,Itemised costs of album as artwork,Artist,Ideas,"../Bible%20Marketing%20Database%2026bd3798725d8116ae2cff686c8318ac/320339973_3356127957935736_2103650876986338496_n.jpg, ../Bible%20Marketing%20Database%2026bd3798725d8116ae2cff686c8318ac/320411482_1134584217236238_1993931579660834313_n.jpg, ../Bible%20Marketing%20Database%2026bd3798725d8116ae2cff686c8318ac/320687010_1126781231371147_771164275951036811_n.jpg","Artwork, Vinyl",Vinyl,IRL,2014
Aphex Twin,Blimp over London,Artist,Ideas,"../Bible%20Marketing%20Database%2026bd3798725d8116ae2cff686c8318ac/aphex-twin-2014-logo-blimp-london.webp, ../Bible%20Marketing%20Database%2026bd3798725d8116ae2cff686c8318ac/Aphex_blimp_1408211827.jpg, ../Bible%20Marketing%20Database%2026bd3798725d8116ae2cff686c8318ac/hq720.jpg","Outdoor, Teasing",Prop,,2014
Arc’teryx,Arc’teryx climb academy,Brand,Ideas,../Bible%20Marketing%20Database%2026bd3798725d8116ae2cff686c8318ac/Screenshot_2025-04-25_at_13.57.26.jpeg,Activation,Mountain Climb,IRL,2025
Arcade Fire,New music teasing with chalk graffiti,Artist,Ideas,,"Graffiti, Outdoor, Teasing",Street,IRL,2013
Arden Jones,"Spotify Wrapped x Shopify top listener giveaway to access exclusive content ",Artist,Ideas,"../Bible%20Marketing%20Database%2026bd3798725d8116ae2cff686c8318ac/IMG_0054.jpeg, ../Bible%20Marketing%20Database%2026bd3798725d8116ae2cff686c8318ac/IMG_0053.jpeg","Exclusive, Spotify, Streaming","Shopify, Spotify",Digital,2023
Arden Jones,Pre-save release for NFT,Artist,Ideas,../Bible%20Marketing%20Database%2026bd3798725d8116ae2cff686c8318ac/292930280_125225426880025_3896012815323150198_n.jpg,"NFT, Pre-Save, Single","Web3, Website",Digital,2022
Bad Bunny,Replaced song titles on Spotify with coordinates: sent fans on a digital treasure hunt. Those coordinates in Google Maps revealed locations in Puerto Rico – showing off the country’s beauty while also revealing the real tracklisting for ‘Debí Tirar Más Fotos,Artist,Ideas,,"Map, Treasure Hunt","Google Maps, Spotify",Digital,2024
Barbie,Multiple brand partnerships,Film,Ideas,../Bible%20Marketing%20Database%2026bd3798725d8116ae2cff686c8318ac/355887195_1195063351165899_4788871398175883846_n.jpg,Brand Partnerships,,,2023
Barry Can’t Swim,Tickets for WHP left at a local deli which fans can get free with a cup of tea,Artist,Ideas,../Bible%20Marketing%20Database%2026bd3798725d8116ae2cff686c8318ac/e94b3a05-f666-46a3-8310-173e4f2893b1.png,"Fans, Live, Tickets","Shop, Venue",IRL,2024
Bastille,Spotify microsite of global album listening in real-time,Artist,Ideas,../Bible%20Marketing%20Database%2026bd3798725d8116ae2cff686c8318ac/Bastille_-_Spotify.png,"Album, Streaming",Spotify,Digital,2016
Battles,24 hour looped live stream of 4 songs,Artist,Ideas,../Bible%20Marketing%20Database%2026bd3798725d8116ae2cff686c8318ac/maxresdefault.jpg,"Live Stream, Video",YouTube,Digital,2015
bby,Live dubplate vinyl. QR codes at live show to scan to pre-order,Artist,Ideas,"../Bible%20Marketing%20Database%2026bd3798725d8116ae2cff686c8318ac/2680e03d-e607-4f6d-93b7-7d3c4fdc9253.jpg, ../Bible%20Marketing%20Database%2026bd3798725d8116ae2cff686c8318ac/BBY__Live_Dubplate.jpg","Live, Vinyl",Vinyl,IRL,2024
Beat Saber,"VR game – The Weeknd, Rolling Stones and more",Brand,Ideas,"../Bible%20Marketing%20Database%2026bd3798725d8116ae2cff686c8318ac/Screenshot_2023-10-31_at_10.36.36.png, ../Bible%20Marketing%20Database%2026bd3798725d8116ae2cff686c8318ac/Screenshot_2023-10-31_at_10.36.27.png","Gaming, VR",Meta,Digital,
Big Thief,Lyric posters shared around New York pre-release,Artist,Ideas,../Bible%20Marketing%20Database%2026bd3798725d8116ae2cff686c8318ac/Big_Thief__Lyrics.jpg,"Lyrics, Teasing","Posters, Street",IRL,2025
Big Thief,Teachers invited to bring students to soundcheck,Artist,Ideas,"../Bible%20Marketing%20Database%2026bd3798725d8116ae2cff686c8318ac/323732935_5854933244625991_8947223666963467419_n.jpg, ../Bible%20Marketing%20Database%2026bd3798725d8116ae2cff686c8318ac/323822264_829080668185187_8246951324515882089_n.jpg","Education, Live",Soundcheck,IRL,2023
Billie Eilish,Partnership with Google Maps to make more sustainable choices of travel and food on her tour,Artist,Ideas,,"Brand Partnerships, Map",Google Maps,"Digital, IRL",2024
Billie Eilish,Vanity Fair interview 12 months apart – 2017 to 2018,Artist,Ideas,../Bible%20Marketing%20Database%2026bd3798725d8116ae2cff686c8318ac/Screenshot_2024-05-05_at_10.19.51.png,Interview,YouTube,Digital,2018
Blackpink,"Fans to host parties, dance & talk",Artist,Ideas,"../Bible%20Marketing%20Database%2026bd3798725d8116ae2cff686c8318ac/Png.png, ../Bible%20Marketing%20Database%2026bd3798725d8116ae2cff686c8318ac/Jpeg.jpg",Gaming,Roblox,Digital,2023
Blink 182,Tour announcement commercial,Artist,Ideas,,"Announcement, Live, Parody",Video,Digital,2022
Blink-182,Album teasing w/ website and posters,Artist,Ideas,,"Posters, Teasing, Website","Street, Website","Digital, IRL",2023
Boards of Canada,Elaborate new music teasing / treasure hunt,Artist,Ideas,"../Bible%20Marketing%20Database%2026bd3798725d8116ae2cff686c8318ac/320145680_1585812691920871_1243432743091833480_n.jpg, ../Bible%20Marketing%20Database%2026bd3798725d8116ae2cff686c8318ac/320661406_884220109253872_487404722840130194_n.jpg, ../Bible%20Marketing%20Database%2026bd3798725d8116ae2cff686c8318ac/320505705_948985199809407_1722130227243350768_n.jpg","Scavenger Hunt, Teasing","Record Shops, Website","Digital, IRL",2013
Bon Iver,Album playback via candlelight. Pitchblack playbacks,Artist,Ideas,../Bible%20Marketing%20Database%2026bd3798725d8116ae2cff686c8318ac/377333652_693954925487292_2609122038737717416_n.jpg,"Album, Playbacks",Venue,IRL,2023
Boy Genius,Banquet x Pryzm show heatmap of where fans have travelled from,Artist,Ideas,../Bible%20Marketing%20Database%2026bd3798725d8116ae2cff686c8318ac/369458465_18381228367000768_3997593460967010444_n.jpg,"Live, Retail",Socials,Digital,2023
Boy Genius,Recreated Nirvana’s Rolling Stone cover from 1994,Artist,Ideas,"../Bible%20Marketing%20Database%2026bd3798725d8116ae2cff686c8318ac/325634501_1735828036846566_8832581159011144206_n.jpg, ../Bible%20Marketing%20Database%2026bd3798725d8116ae2cff686c8318ac/326211239_1424892294711425_8471796890366869260_n.jpg, ../Bible%20Marketing%20Database%2026bd3798725d8116ae2cff686c8318ac/326110324_1207082800180541_7966919073392529738_n.jpg",Press,Magazine,IRL,2023
Brutalismus 3000,Custom merch at shows,Artist,Ideas,../Bible%20Marketing%20Database%2026bd3798725d8116ae2cff686c8318ac/b3K_custom_merch.png,"Live, Merch",Merch,IRL,2024
Bullion,Mix - Pet Sounds in the Key of Dee,Artist,Ideas,../Bible%20Marketing%20Database%2026bd3798725d8116ae2cff686c8318ac/330150796_1636507360096082_3610875369366063739_n.jpg,"Content, Mix, Remix",Soundcloud,Digital,
Burberry,Custom tube station at Bond St,Brand,Ideas,"../Bible%20Marketing%20Database%2026bd3798725d8116ae2cff686c8318ac/3549.webp, ../Bible%20Marketing%20Database%2026bd3798725d8116ae2cff686c8318ac/unnamed.jpg, ../Bible%20Marketing%20Database%2026bd3798725d8116ae2cff686c8318ac/burberry-street-03-source-burbeerytflpr.jpg",Outdoor,Public Transport,IRL,2023
Caribou,Free pop up parties - locations crowdsourced on Instagram,Artist,Ideas,"../Bible%20Marketing%20Database%2026bd3798725d8116ae2cff686c8318ac/Screenshot_2024-07-22_at_11.10.09.png, ../Bible%20Marketing%20Database%2026bd3798725d8116ae2cff686c8318ac/Screenshot_2024-07-22_at_11.11.43.png, ../Bible%20Marketing%20Database%2026bd3798725d8116ae2cff686c8318ac/449722042_996251275479522_6494760425871084017_n.jpg","Fans, Live, Party","Instagram, Venue","Digital, IRL",2024
Caribou,Stems of latest single uploaded to Dropbox for fans to remix. Limited to 1 week.,Artist,Ideas,../Bible%20Marketing%20Database%2026bd3798725d8116ae2cff686c8318ac/451705947_727262452797927_3497090076065866302_n.jpg,"Remix, Single",Dropbox,Digital,2024
Charli XCX,Album release house parties,Artist,Ideas,../Bible%20Marketing%20Database%2026bd3798725d8116ae2cff686c8318ac/Screenshot_2024-06-06_at_12.05.43.png,Album Launch,Party,IRL,2024
Charli XCX,"Club night launched, membership acquired in person at the club",Artist,Ideas,../Bible%20Marketing%20Database%2026bd3798725d8116ae2cff686c8318ac/Screenshot_2024-03-28_at_14.46.48.png,"Fanclub, Party",Venue,IRL,2024
Charli XCX,Album release day shows x3,Artist,Ideas,"../Bible%20Marketing%20Database%2026bd3798725d8116ae2cff686c8318ac/Screenshot_2024-06-07_at_16.30.55.png, ../Bible%20Marketing%20Database%2026bd3798725d8116ae2cff686c8318ac/PHOTO-2024-06-06-11-51-57.jpg, ../Bible%20Marketing%20Database%2026bd3798725d8116ae2cff686c8318ac/PHOTO-2024-06-06-11-55-37.jpg, ../Bible%20Marketing%20Database%2026bd3798725d8116ae2cff686c8318ac/PHOTO-2024-06-06-11-57-34.jpg","Album Launch, Live","Party, Venue",IRL,2024
Chase & Status,Call of Duty gameplay for gig tickets,Artist,Ideas,../Bible%20Marketing%20Database%2026bd3798725d8116ae2cff686c8318ac/Chase__Status__Call_of_Duty.png,"Gaming, Live",Call of Duty,Digital,2023
ChkChkChk,Support band for themselves covering Stereolab,Artist,Ideas,../Bible%20Marketing%20Database%2026bd3798725d8116ae2cff686c8318ac/stereolad1.webp,Live,Tour,IRL,2016
Corteiz,"Market stall with 99p merch ",Brand,Ideas,"../Bible%20Marketing%20Database%2026bd3798725d8116ae2cff686c8318ac/IMG_5834.jpg, ../Bible%20Marketing%20Database%2026bd3798725d8116ae2cff686c8318ac/corteizcrowd.jpg, ../Bible%20Marketing%20Database%2026bd3798725d8116ae2cff686c8318ac/312042162_476488811096101_1481764946698496798_n.jpg","Market, Merch",Street,IRL,
Deerhoof,Session performance at CERN / Large Hadron Collider,Artist,Ideas,"../Bible%20Marketing%20Database%2026bd3798725d8116ae2cff686c8318ac/330265055_6125290907514767_1066935307943709716_n.jpg, ../Bible%20Marketing%20Database%2026bd3798725d8116ae2cff686c8318ac/330242792_171037828977655_8368121128608794175_n.jpg, ../Bible%20Marketing%20Database%2026bd3798725d8116ae2cff686c8318ac/330087074_200975789259392_396208562850923853_n.jpg",Session,YouTube,Digital,2015
Dirty Bird x Point Blank,Equal opportunities scholarship for aspiring music producers,Label,Ideas,,Education,Course,Digital,2023
Disclosure,Call out for fans to be support DJs to show,Artist,Ideas,../Bible%20Marketing%20Database%2026bd3798725d8116ae2cff686c8318ac/Disclosure__Fan_Support_Slot.png,"Fans, Live","Discord, Instagram","Digital, IRL",2024
Disclosure,Ponchos given away at outdoor show,Artist,Ideas,,"Live, Merch, Weather",Venue,IRL,2023
Disclosure,Surprise show announced same day,Artist,Ideas,"../Bible%20Marketing%20Database%2026bd3798725d8116ae2cff686c8318ac/Screenshot_2023-10-16_at_19.09.50.png, ../Bible%20Marketing%20Database%2026bd3798725d8116ae2cff686c8318ac/Screenshot_2023-10-16_at_19.09.37.png, ../Bible%20Marketing%20Database%2026bd3798725d8116ae2cff686c8318ac/Screenshot_2023-10-16_at_19.09.23.png, ../Bible%20Marketing%20Database%2026bd3798725d8116ae2cff686c8318ac/Screenshot_2023-10-16_at_19.08.45.png, ../Bible%20Marketing%20Database%2026bd3798725d8116ae2cff686c8318ac/Screenshot_2023-10-16_at_13.56.43.png","Live, Surprise","Socials, Venue","Digital, IRL",2023
Disclosure,"Album playbacks in NY, LA, Manchester via Discord mods",Artist,Ideas,,"Album, Listening Party","Discord, Venue",IRL,2023
Disclosure,Golden ticket for guestlist to show via locations in LA,Artist,Ideas,../Bible%20Marketing%20Database%2026bd3798725d8116ae2cff686c8318ac/Screenshot_2023-10-13_at_12.02.54.png,"Fans, Live",Street,IRL,2023
Disclosure,Remix contest,Artist,Ideas,../Bible%20Marketing%20Database%2026bd3798725d8116ae2cff686c8318ac/Disclosure__Remix_Contest.jpg,Remix,Website,Digital,2023
Disclosure,Album dubplates giveaway when album pre-ordered,Artist,Ideas,../Bible%20Marketing%20Database%2026bd3798725d8116ae2cff686c8318ac/We8zpiBE.jpg,"Album, Vinyl",Socials,Digital,2023
Disclosure,Merch up-cycling,Artist,Ideas,"../Bible%20Marketing%20Database%2026bd3798725d8116ae2cff686c8318ac/UPCYCLETEEBACK_1080x.webp, ../Bible%20Marketing%20Database%2026bd3798725d8116ae2cff686c8318ac/UPCYCLETEEFRONT_1080x.webp","Environment, Merch",Website,,2021
Disclosure,Minecraft custom world,Artist,Ideas,"../Bible%20Marketing%20Database%2026bd3798725d8116ae2cff686c8318ac/screen-shot-2020-08-25-at-112337-am.png, ../Bible%20Marketing%20Database%2026bd3798725d8116ae2cff686c8318ac/Annotation-2020-08-25-222657.webp",Gaming,Minecraft,Digital,2020
Disclosure,Living billboard,Artist,Ideas,"../Bible%20Marketing%20Database%2026bd3798725d8116ae2cff686c8318ac/download.jpg, ../Bible%20Marketing%20Database%2026bd3798725d8116ae2cff686c8318ac/RS36835_FinsburyParkTubeCarWash-9-lpr.jpg","Advertising, Outdoor",Street,IRL,2019
Donald Glover,Sneaker giveaway via Airdrop,Artist,Ideas,"../Bible%20Marketing%20Database%2026bd3798725d8116ae2cff686c8318ac/nizza-tweet-2-1_copy.jpg, ../Bible%20Marketing%20Database%2026bd3798725d8116ae2cff686c8318ac/adidas-donald-glover-airdrop.jpeg.jpg, ../Bible%20Marketing%20Database%2026bd3798725d8116ae2cff686c8318ac/childish-gambino-donald-glover-coachella-airdrop-adidas-2.webp","Giveaway, Merch",Phone,Digital,2019
Drake,100gigs.org - website with free downloads of music and videos,Artist,Ideas,../Bible%20Marketing%20Database%2026bd3798725d8116ae2cff686c8318ac/Drake__100gigs.png,"Free, Music, Video",Website,Digital,2024
Drake,Graffiti on airport runway,Artist,Ideas,"../Bible%20Marketing%20Database%2026bd3798725d8116ae2cff686c8318ac/Screenshot_2023-10-16_at_16.34.38.png, ../Bible%20Marketing%20Database%2026bd3798725d8116ae2cff686c8318ac/Screenshot_2023-10-16_at_16.35.07.png","Graffiti, Outdoor",Airport,IRL,2023
Drake,Customised London cafe for album and related to Top Boy,Artist,Ideas,"../Bible%20Marketing%20Database%2026bd3798725d8116ae2cff686c8318ac/391066586_889370439469481_3993312152563524754_n.jpg, ../Bible%20Marketing%20Database%2026bd3798725d8116ae2cff686c8318ac/387700604_841505904346358_6960686078425355792_n.jpg, ../Bible%20Marketing%20Database%2026bd3798725d8116ae2cff686c8318ac/387772644_1095847725122214_8849580691272616595_n.jpg","Activation, Album",Café,IRL,2023
Drake,Free sneakers via QR code at shows,Artist,Ideas,"../Bible%20Marketing%20Database%2026bd3798725d8116ae2cff686c8318ac/Screenshot_2023-10-16_at_18.04.51.png, ../Bible%20Marketing%20Database%2026bd3798725d8116ae2cff686c8318ac/Screenshot_2023-10-16_at_18.04.46.png, ../Bible%20Marketing%20Database%2026bd3798725d8116ae2cff686c8318ac/Screenshot_2023-10-16_at_18.04.31.png, ../Bible%20Marketing%20Database%2026bd3798725d8116ae2cff686c8318ac/Screenshot_2023-10-16_at_18.04.19.png, ../Bible%20Marketing%20Database%2026bd3798725d8116ae2cff686c8318ac/Screenshot_2023-10-16_at_18.04.04.png","Live, Merch","QR Code, Venue",,2023
Dua Lipa,"Service 95 curated newsletter ",Artist,Ideas,../Bible%20Marketing%20Database%2026bd3798725d8116ae2cff686c8318ac/321090506_474321191488182_4762442442440237185_n.jpg,"Community, Newsletter",Mailing List,Digital,2021
Duskus,Hike with fans invite via IG,Artist,Ideas,"../Bible%20Marketing%20Database%2026bd3798725d8116ae2cff686c8318ac/IMG_9904.png, ../Bible%20Marketing%20Database%2026bd3798725d8116ae2cff686c8318ac/IMG_9903.png","Activation, Fans",Hike,"Digital, IRL",2023
Eaux Claires Festival,Ticketholders sent postcard to announce artist lineup,Festival,Ideas,../Bible%20Marketing%20Database%2026bd3798725d8116ae2cff686c8318ac/eauxclaires-lineups.jpg,"Fans, Festival",Postcards,IRL,2015
Ed Sheeran,Hot Sauce,Artist,Ideas,../Bible%20Marketing%20Database%2026bd3798725d8116ae2cff686c8318ac/Ed_Sheeran__Hot_Cause.png,Food & Drink,Sauce,IRL,2023
Eminem,"Slim Shady obituary in broadsheet ",Artist,Ideas,../Bible%20Marketing%20Database%2026bd3798725d8116ae2cff686c8318ac/ddafe821-ea96-425e-b786-c7f5b2765ea0.png,Advertising,Newspaper,IRL,2024
Eminem,Mom’s Spaghetti pasta sauce,Artist,Ideas,../Bible%20Marketing%20Database%2026bd3798725d8116ae2cff686c8318ac/moms-spaghetti-source-moms-spaghetti-200989-2.jpg,Food & Drink,Sauce,IRL,2023
ESI x Pioneer x Fabric,DJ workshop for Black History Month,Brand,Ideas,../Bible%20Marketing%20Database%2026bd3798725d8116ae2cff686c8318ac/ESI.png,"Charity, Education",Venue,,
Filkin’s Drift,Walked their tour routing to highlight sustainability,Artist,Ideas,../Bible%20Marketing%20Database%2026bd3798725d8116ae2cff686c8318ac/filkins-walking.jpg,"Environment, Live",Hike,IRL,2023
FKA twigs,Pop up shop of her own clothes,Artist,Ideas,../Bible%20Marketing%20Database%2026bd3798725d8116ae2cff686c8318ac/FKA_twigs__Pop_Up_Shop.png,Pop-Up Shop,Venue,IRL,2024
FKA twigs,Bad World (Blood Records) water filled vinyl collaboration,Artist,Ideas,"../Bible%20Marketing%20Database%2026bd3798725d8116ae2cff686c8318ac/https___mcusercontent.com_1eb9b54e689e05ba84f3d2f4e_images_48f70fc7-6fd0-e096-0b0b-5a3c657b4ac2.png, ../Bible%20Marketing%20Database%2026bd3798725d8116ae2cff686c8318ac/Bad_World__Twigs.png","Exclusive, Vinyl",Vinyl,IRL,2024
FKA twigs,Perfume collaboration,Artist,Ideas,../Bible%20Marketing%20Database%2026bd3798725d8116ae2cff686c8318ac/FKA_Twigs_Perfume.png,"Album, Merch","Item, Perfume",IRL,2023
FKa twigs,Pop up show selling clothes and items from her archive,Artist,Ideas,../Bible%20Marketing%20Database%2026bd3798725d8116ae2cff686c8318ac/3b88f42b-ea97-427a-84b5-b6302da821cc.png,Pop-Up Shop,Venue,IRL,2025
Floating Points,Custom spray-painted sleeves of test pressings placed in shops,Artist,Ideas,"../Bible%20Marketing%20Database%2026bd3798725d8116ae2cff686c8318ac/Screenshot_2023-10-16_at_15.07.17.png, ../Bible%20Marketing%20Database%2026bd3798725d8116ae2cff686c8318ac/Screenshot_2023-10-16_at_15.07.10.png, ../Bible%20Marketing%20Database%2026bd3798725d8116ae2cff686c8318ac/Screenshot_2023-10-16_at_15.06.47.png, ../Bible%20Marketing%20Database%2026bd3798725d8116ae2cff686c8318ac/Screenshot_2023-10-16_at_15.06.40.png","Album, Charity, Scavenger Hunt, Vinyl","Record Shops, Vinyl",IRL,2023
Fontaines D. C.,"Album listening parties – early album preview, giveaways, exclusive album format",Artist,Ideas,../Bible%20Marketing%20Database%2026bd3798725d8116ae2cff686c8318ac/Fontaines_DC__Listening_Parties.png,"Fans, Listening Party",Event,IRL,2024
Four Tet,Test pressing of unreleased album donated for charity auction (and select fans),Artist,Ideas,../Bible%20Marketing%20Database%2026bd3798725d8116ae2cff686c8318ac/right-to-dance-event.png.webp,"Charity, Fans","Auction, Vinyl",IRL,2023
Four Tet,155 hour Spotify playlist,Artist,Ideas,../Bible%20Marketing%20Database%2026bd3798725d8116ae2cff686c8318ac/Screenshot_2023-10-16_at_12.14.17.png,"Playlist, Streaming",Spotify,Digital,2022
Four Tet,Madvillainy – Four Tet Remixes,Artist,Ideas,"../Bible%20Marketing%20Database%2026bd3798725d8116ae2cff686c8318ac/a1381871596_65.jpg, ../Bible%20Marketing%20Database%2026bd3798725d8116ae2cff686c8318ac/551c19dff964a44498821a93b636fa73.1000x1000x1.jpg","Album, Remix",Album,"Digital, IRL",2005
Francis & The Lights,Itemised costs of everything – website which tracked every expenditure from studio costs to coffee and taxis,Artist,Ideas,,"Content, Website",Website,Digital,
Frank Ocean,Fan question asking him to explain his current situation to himself 5 years ago,Artist,Ideas,../Bible%20Marketing%20Database%2026bd3798725d8116ae2cff686c8318ac/Frank_Ocean_Letter_To_Himself.jpg,"Fans, Q&A",Socials,Digital,
Fred again…,Stadium shows announced with painted pitch,Artist,Ideas,"../Bible%20Marketing%20Database%2026bd3798725d8116ae2cff686c8318ac/Screenshot_2024-06-10_at_19.27.29.png, ../Bible%20Marketing%20Database%2026bd3798725d8116ae2cff686c8318ac/FredAgain-StadiumAnnounce.mp4","Announcement, Live",Stadium,IRL,2024
Fred again…,Female production mentorship,Artist,Ideas,../Bible%20Marketing%20Database%2026bd3798725d8116ae2cff686c8318ac/361314273_595989775768286_2175854211653499106_n.jpg,"Education, Production",,IRL,2023
Fred again…,Outer Hebrides 3 date tour,Artist,Ideas,../Bible%20Marketing%20Database%2026bd3798725d8116ae2cff686c8318ac/thumbnail_image3-2-vsnwikwv-e1684329147737.jpg,Live,Tour,IRL,2023
Fred again…,Boiler Room setlist on billboard,Artist,Ideas,"../Bible%20Marketing%20Database%2026bd3798725d8116ae2cff686c8318ac/299842451_121657563949811_869087252930838187_n.jpg, ../Bible%20Marketing%20Database%2026bd3798725d8116ae2cff686c8318ac/299618321_960975585299079_5396077433753052989_n.jpg","Live, Mix, Outdoor",Billboard,IRL,2022
Fred again…,Lime Bike album playback ride through London,Artist,Ideas,../Bible%20Marketing%20Database%2026bd3798725d8116ae2cff686c8318ac/fred-again-Renan-Rocha-900x506.jpg,"Activation, Socials","Instagram, TikTok","Digital, IRL",
Future Islands,Custom cake with album artwork,Artist,Ideas,../Bible%20Marketing%20Database%2026bd3798725d8116ae2cff686c8318ac/17881625_295188004228536_210173034923819008_n.jpg,"Album, Food & Drink",Cake,IRL,2017
General,Projections on street buildings,Artist,Ideas,"../Bible%20Marketing%20Database%2026bd3798725d8116ae2cff686c8318ac/371328480_6575568212539383_9064487171237704978_n.jpg, ../Bible%20Marketing%20Database%2026bd3798725d8116ae2cff686c8318ac/387692720_1469416093903009_949163379696167129_n.jpg","Outdoor, Projections",Street,IRL,
General,Cover-mounted CD / vinyl,Artist,Ideas,,"CD, Press, Vinyl",Magazine,IRL,
GENN,3D render of album artwork to explore in browser,Artist,Ideas,"../Bible%20Marketing%20Database%2026bd3798725d8116ae2cff686c8318ac/GENN__1.png, ../Bible%20Marketing%20Database%2026bd3798725d8116ae2cff686c8318ac/GENN-UNUM-LMNLC1-PACKSHOT-scaled.jpg","Album, Game",Website,Digital,2023
Gesaffalstein,Spotify animated merch product images,Artist,Ideas,../Bible%20Marketing%20Database%2026bd3798725d8116ae2cff686c8318ac/Gesaffalstein__Spotify_Animated_Merch.mov,"Merch, Spotify",Spotify,Digital,2024
Ghetts,Riding a tank through London in support of his album,Artist,Ideas,"../Bible%20Marketing%20Database%2026bd3798725d8116ae2cff686c8318ac/Ghetts__Tank_Stunt.mp4, ../Bible%20Marketing%20Database%2026bd3798725d8116ae2cff686c8318ac/PRI_184143202-1.webp, ../Bible%20Marketing%20Database%2026bd3798725d8116ae2cff686c8318ac/PRI_184143210-1.webp, ../Bible%20Marketing%20Database%2026bd3798725d8116ae2cff686c8318ac/PRI_184143137-1.webp","Album Release, Stunt","Public Transport, Vehicle",IRL,2024
Glass Animals,Spotify homepage banner ‘Best Of’ links to new album pre-save,Artist,Ideas,"../Bible%20Marketing%20Database%2026bd3798725d8116ae2cff686c8318ac/GlassAnimals-_Spotify-Banner.png, ../Bible%20Marketing%20Database%2026bd3798725d8116ae2cff686c8318ac/GlassAnimals-Spotify-Countdown.png","Pre-Save, Spotify",Spotify,Digital,2024
Gnarls Barclay,‘Watermarked’ vinyl promo,Artist,Ideas,"../Bible%20Marketing%20Database%2026bd3798725d8116ae2cff686c8318ac/watermarked_vinyl_1.jpg, ../Bible%20Marketing%20Database%2026bd3798725d8116ae2cff686c8318ac/IMG_0432.png","Album, Vinyl",Vinyl,IRL,2006
Good Neighbours,Message on tape on drum kit @ Glastonbury,Artist,Ideas,,"Advertising, Live",Drum Kit,IRL,2025
Google,Google Maps prank: schools renamed,Brand,Ideas,../Bible%20Marketing%20Database%2026bd3798725d8116ae2cff686c8318ac/Google_Maps_Prank.png,Pranks,Google Maps,Digital,2024
Greggs x Monzo,Cash machine that dispenses sausage rolls,Brand,Ideas,../Bible%20Marketing%20Database%2026bd3798725d8116ae2cff686c8318ac/Greggs_x_Monzo.mp4,Brand,Cash Machine,IRL,2024
Hotline TNT,"24-hour telethon” on Twitch, YouTube, and Instagram, aim to sell 500 copies of album via Bandcamp while also talking to artists, journalists, record store owners and others about their favorite new music, sources for discovery",Artist,Ideas,,Live Stream,"Instagram, Twitch, YouTube",Digital,2025
Ice Spice,"Dunkin’ Donuts pumpkin spice ",Artist,Ideas,,Brand Partnerships,Dunkin Donuts,IRL,2023
IDLES,Album preorder contest,Artist,Ideas,"../Bible%20Marketing%20Database%2026bd3798725d8116ae2cff686c8318ac/IDLES_Contest_1.png, ../Bible%20Marketing%20Database%2026bd3798725d8116ae2cff686c8318ac/IDLES_Contest_2.png, ../Bible%20Marketing%20Database%2026bd3798725d8116ae2cff686c8318ac/IDLES_Contest_3.png, ../Bible%20Marketing%20Database%2026bd3798725d8116ae2cff686c8318ac/IDLES_Contest_4.png, ../Bible%20Marketing%20Database%2026bd3798725d8116ae2cff686c8318ac/IDLES_Contest_5.png, ../Bible%20Marketing%20Database%2026bd3798725d8116ae2cff686c8318ac/IDLES_Contest_6.png","Album, Contest, Pre-Order",Toneden,Digital,2024
IDLES,Deepfake of Chris Martin singing IDLES to Yellow video footage,Artist,Ideas,../Bible%20Marketing%20Database%2026bd3798725d8116ae2cff686c8318ac/IDLES_x_Coldplay.mp4,"AI, Content, Video",Video,Digital,2024
IDLES,Mailing list CTA for exclusive merch,Artist,Ideas,"../Bible%20Marketing%20Database%2026bd3798725d8116ae2cff686c8318ac/IMG_DA93E549E1C9-1.jpeg, ../Bible%20Marketing%20Database%2026bd3798725d8116ae2cff686c8318ac/IMG_9762.jpg, ../Bible%20Marketing%20Database%2026bd3798725d8116ae2cff686c8318ac/IMG_9763.jpg","Mailing List, Merch","Instagram, Mailchimp",Digital,2023
Instagram,Filters used on crowds,Brand,Ideas,"../Bible%20Marketing%20Database%2026bd3798725d8116ae2cff686c8318ac/IG_filters_1.mp4, ../Bible%20Marketing%20Database%2026bd3798725d8116ae2cff686c8318ac/IG_filters_2.mp4",Instagram,Filters,Digital,2024
J Balvin,Subway Surfer character,Artist,Ideas,../Bible%20Marketing%20Database%2026bd3798725d8116ae2cff686c8318ac/character1.webp,Gaming,Subway Surfer,Digital,2023
J. Cole,“j. cole type beat” song given to original producer,Artist,Ideas,"../Bible%20Marketing%20Database%2026bd3798725d8116ae2cff686c8318ac/326168796_702874478225597_8784119513840680029_n.jpg, ../Bible%20Marketing%20Database%2026bd3798725d8116ae2cff686c8318ac/325876585_493343699582677_7895124017248066020_n.jpg","Music, Surprise",YouTube,Digital,2023
Jack White,"Surprise album release, vinyl-only copies with no name, art or credits put in bags of other purchases at Third Man Record stores and Vault members",Artist,Ideas,../Bible%20Marketing%20Database%2026bd3798725d8116ae2cff686c8318ac/img_1105-2-web.jpg,"Album, Surprise",Vinyl,IRL,2024
Jack White,Moving stage,Artist,Ideas,../Bible%20Marketing%20Database%2026bd3798725d8116ae2cff686c8318ac/02_JackWhite_22_2.jpg,Live,"Production, Stage",IRL,2022
Jack White,3D stage visuals,Artist,Ideas,"../Bible%20Marketing%20Database%2026bd3798725d8116ae2cff686c8318ac/JackWhite_ParCDufresne_ParCDufresne-0151.jpg, ../Bible%20Marketing%20Database%2026bd3798725d8116ae2cff686c8318ac/JackWhite_ParCDufresne-0370.jpg, ../Bible%20Marketing%20Database%2026bd3798725d8116ae2cff686c8318ac/JackWhite_ParCDufresne-0202.jpg",Live,"Stage, Visuals",IRL,2022
Jack White,London balcony performance for opening of Third Man shop,Artist,Ideas,"../Bible%20Marketing%20Database%2026bd3798725d8116ae2cff686c8318ac/Jack-White.jpg, ../Bible%20Marketing%20Database%2026bd3798725d8116ae2cff686c8318ac/banner-jackwhite-balcony-e1632683706679.jpg, ../Bible%20Marketing%20Database%2026bd3798725d8116ae2cff686c8318ac/jack-white-soho-rooftop-getty.jpg","Live, Surprise",Building,IRL,2021
Jack White,"Surprise pub gig in London with custom free beer ",Artist,Ideas,../Bible%20Marketing%20Database%2026bd3798725d8116ae2cff686c8318ac/jack-white-performing-a-free-show-in-the-courtyard-of-the-historic-george-inn-pub-in-borough-london-to-celebrate-the-release-of-his-third-solo-album-boarding-house-reach-M9W9JJ.jpg,"Live, Surprise",Venue,IRL,2018
Jai Paul,Paul Institute passcode website and text messaging,Artist,Ideas,,Website,"SMS, WhatsApp",Digital,
James Blake,"In conversation with Brian Eno ",Artist,Ideas,"../Bible%20Marketing%20Database%2026bd3798725d8116ae2cff686c8318ac/maxresdefault%201.jpg, ../Bible%20Marketing%20Database%2026bd3798725d8116ae2cff686c8318ac/ZhjM56LXrZWr8qBTAojYBB-1200-80.jpg","Content, Interview","Socials, YouTube",Digital,2023
https://www.itsnicethat.com/articles/quentin-blake-james-blake-collaboration-170516,Artwork mural,Artist,Ideas,"../Bible%20Marketing%20Database%2026bd3798725d8116ae2cff686c8318ac/Shoreditch-install29.jpg, ../Bible%20Marketing%20Database%2026bd3798725d8116ae2cff686c8318ac/james-blake-announces-new-album-with-murals-by-roald-dahl-illustrator-quentin-blake-body-image-1462291321.webp","Advertising, Outdoor",Wall,IRL,
Jerks Store,Exclusive merch collab,Brand,Ideas,,"Apparel, Merch",Website,,
Jeshi,Custom cheque billboard,Artist,Ideas,../Bible%20Marketing%20Database%2026bd3798725d8116ae2cff686c8318ac/291671804_964111647676064_673759298941257577_n.jpg,"Advertising, Outdoor",,IRL,2022
Jessie Ware,"Invite only performance ",Artist,Ideas,"../Bible%20Marketing%20Database%2026bd3798725d8116ae2cff686c8318ac/22710661_1526755707406984_4301868071494090752_n.jpg, ../Bible%20Marketing%20Database%2026bd3798725d8116ae2cff686c8318ac/22710358_2057024031183615_8973968152174002176_n.jpg","Fans, Live",Spotify,IRL,2017
Joe James,"Ballot for limited vinyl release. Fans register their interest. ",Artist,Ideas,,"Ballot, Vinyl",Website,,
Joy Anonymous,Southbank outdoor performances,Artist,Ideas,"../Bible%20Marketing%20Database%2026bd3798725d8116ae2cff686c8318ac/Tag__qu_nn_Shot_2.webp, ../Bible%20Marketing%20Database%2026bd3798725d8116ae2cff686c8318ac/joy-anonymous-southbank-london-pop-up-gig-video-watch.jpg","Live, Live Stream","Instagram, TikTok","Digital, IRL",2022
Kanye West,"News website curated with selected stories, clean headlines for mobile",Artist,Ideas,"../Bible%20Marketing%20Database%2026bd3798725d8116ae2cff686c8318ac/IMG_0238.png, ../Bible%20Marketing%20Database%2026bd3798725d8116ae2cff686c8318ac/IMG_0237.png, ../Bible%20Marketing%20Database%2026bd3798725d8116ae2cff686c8318ac/IMG_0236.png, ../Bible%20Marketing%20Database%2026bd3798725d8116ae2cff686c8318ac/IMG_0235.png, ../Bible%20Marketing%20Database%2026bd3798725d8116ae2cff686c8318ac/IMG_0234.png",Website,"Mobile, Website",Digital,2023
Kanye West,BRITs performance with UK rap artists,Artist,Ideas,"../Bible%20Marketing%20Database%2026bd3798725d8116ae2cff686c8318ac/325182427_473778254918525_9054552902473741856_n.jpg, ../Bible%20Marketing%20Database%2026bd3798725d8116ae2cff686c8318ac/325597657_600211761942297_6588445009232531507_n.jpg, ../Bible%20Marketing%20Database%2026bd3798725d8116ae2cff686c8318ac/325596314_1223611818226719_3052535843737393901_n.jpg",Live,Award Show,IRL,2015
Kate Nash,OnlyFans to sell pictures to raise money for tour “Butts For Buses”,Artist,Ideas,"../Bible%20Marketing%20Database%2026bd3798725d8116ae2cff686c8318ac/KN_OF.jpg, ../Bible%20Marketing%20Database%2026bd3798725d8116ae2cff686c8318ac/Screenshot-2024-11-25-at-10.17.53.webp","Fans, Live",OnlyFans,Digital,2024
Kendrick Lamar,Tiffany & Co custom crown,Artist,Ideas,"../Bible%20Marketing%20Database%2026bd3798725d8116ae2cff686c8318ac/290908973_966942877331848_8012062626980264851_n.jpg, ../Bible%20Marketing%20Database%2026bd3798725d8116ae2cff686c8318ac/291225733_1087188795513876_3387206389555741107_n.jpg, ../Bible%20Marketing%20Database%2026bd3798725d8116ae2cff686c8318ac/290946125_562037478662974_3350068537075648685_n.jpg","Artwork, Live, Prop",,IRL,2022
Kerri Chandler,73 free downloads to celebrate his father’s 73rd birthday,Artist,Ideas,../Bible%20Marketing%20Database%2026bd3798725d8116ae2cff686c8318ac/2410d6c9-a89a-496f-a16c-ee0c3f46611c.png,Content,Download,Digital,2024
Kindness,Vinyl lock groove,Artist,Ideas,,Vinyl,Vinyl,IRL,
King Krule,Live on the Moon live visual,Artist,Ideas,"../Bible%20Marketing%20Database%2026bd3798725d8116ae2cff686c8318ac/291930421_1405849269894866_9118280665874946192_n.jpg, ../Bible%20Marketing%20Database%2026bd3798725d8116ae2cff686c8318ac/291922047_745909309782890_4948458099346793040_n.jpg","Performance, Video",YouTube,Digital,2018
Kneecap,Billboard with smoke “burning” – controlled my remote,Artist,Ideas,../Bible%20Marketing%20Database%2026bd3798725d8116ae2cff686c8318ac/Kneecap__Smoke_Billboard.mp4,Advertising,Billboard,IRL,2023
Krept & Konan,Open a supermarket to serve their local community,Artist,Ideas,"../Bible%20Marketing%20Database%2026bd3798725d8116ae2cff686c8318ac/KK.jpg, ../Bible%20Marketing%20Database%2026bd3798725d8116ae2cff686c8318ac/image.jpg",Community,Supermarket,IRL,2025
Lady Gaga x Bruno Mars,"Pop-up shop in London, Sydney, Berlin, LA, Paris, Tokyo, and Toronto to support their single",Artist,Ideas,,Pop-Up Shop,Venue,IRL,2024
Lana Del Rey,Waffle house staff photos,Artist,Ideas,"../Bible%20Marketing%20Database%2026bd3798725d8116ae2cff686c8318ac/73469051-12323645-image-a-40_1689940350573.avif, ../Bible%20Marketing%20Database%2026bd3798725d8116ae2cff686c8318ac/lana-del-rey-waffle-house-photos-explained-1695220993.jpg",Content,Photos,Digital,2023
Laufey,Global event for album release day. Curated day for fans to experience the album with itinerary of things to do,Artist,Ideas,../Bible%20Marketing%20Database%2026bd3798725d8116ae2cff686c8318ac/A_Very_Laufey_Day.pdf,"Activation, Album, Playbacks","City, Website","Digital, IRL",2023
LCD Soundsystem,New York borough tour,Artist,Ideas,../Bible%20Marketing%20Database%2026bd3798725d8116ae2cff686c8318ac/387651786_2003377463366356_4635449809829824341_n.jpg,Live,Venue,IRL,2023
LCD Soundsystem,Grafitti for live shows,Artist,Ideas,../Bible%20Marketing%20Database%2026bd3798725d8116ae2cff686c8318ac/9380d87c-86a8-4646-9e65-7373c75171a8.png,"Graffiti, Live",Street,IRL,2023
Liam Gallagher,Coat auction to raise money for Shelter / coat drive in the winter,Artist,Ideas,,Charity,Website,"Digital, IRL",
Lil Nas X,Album billboards,Artist,Ideas,"../Bible%20Marketing%20Database%2026bd3798725d8116ae2cff686c8318ac/nasx_1_copy.jpg, ../Bible%20Marketing%20Database%2026bd3798725d8116ae2cff686c8318ac/E_Z7PVjWUAQaTVD.jpg, ../Bible%20Marketing%20Database%2026bd3798725d8116ae2cff686c8318ac/lil-nas-x-billboard.webp","Album, Outdoor",Billboard,IRL,2021
Lorde,"Impromptu performance for new single in Washington Square Park, New York",Artist,Ideas,../Bible%20Marketing%20Database%2026bd3798725d8116ae2cff686c8318ac/bWvcrrfgHYuq5EZV.mp4,"Performance, Surprise",Park,IRL,2025
Lorde,Tickets hidden in cities corresponding with tour dates,Artist,Ideas,,,,,
Lorde,"Anonymous Instagram dedicated to onion rings ",Artist,Ideas,,Food & Drink,Instagram,,
LuckyMe,Advent calendar compilation – 12 releases across 12 days,Label,Ideas,../Bible%20Marketing%20Database%2026bd3798725d8116ae2cff686c8318ac/LuckyMe.png,"Christmas, Content",Website,Digital,2011
Maggie Rogers,Selling tickets to fans in person to reduce touts,Artist,Ideas,"../Bible%20Marketing%20Database%2026bd3798725d8116ae2cff686c8318ac/Maggie_Rogers.mp4, ../Bible%20Marketing%20Database%2026bd3798725d8116ae2cff686c8318ac/661963936a87fc649e55af47_maggie-rogers-box-office-concert-tickets.jpg","Live, Tickets",Venue,IRL,2024
Maggie Rogers,"Live show in Anchorage, Alaska (song title)",Artist,Ideas,"../Bible%20Marketing%20Database%2026bd3798725d8116ae2cff686c8318ac/DO9S7Z4U8AAq4cq.jpg, ../Bible%20Marketing%20Database%2026bd3798725d8116ae2cff686c8318ac/20171117-maggie-rogers-flier-283x400.jpg","Live, Song",Venue,IRL,2017
Marlon Hoffstadt,"Sunglasses from artwork worn by Marlon in content and then used in visualiser of fans wearing them ",Artist,Ideas,../Bible%20Marketing%20Database%2026bd3798725d8116ae2cff686c8318ac/93c0aa66-95cd-4385-b21b-ff5c16c73a7e.jpeg,"Artwork, Content, Merch",Merch,"Digital, IRL",2025
Marshmello,Fortnite in-game performance,Artist,Ideas,"../Bible%20Marketing%20Database%2026bd3798725d8116ae2cff686c8318ac/maxresdefault%202.jpg, ../Bible%20Marketing%20Database%2026bd3798725d8116ae2cff686c8318ac/02-marshmello-fortnite-concert-2019-billboard-1548.webp",Gaming,Fortnite,Digital,2019
Massive Attack,Touring carbon offset,Artist,Ideas,,"Environment, Live",,"Digital, IRL",2021
Megan Thee Stallion,Mental health support website,Artist,Ideas,"../Bible%20Marketing%20Database%2026bd3798725d8116ae2cff686c8318ac/321216116_685469319798690_113598214769472568_n.jpg, ../Bible%20Marketing%20Database%2026bd3798725d8116ae2cff686c8318ac/321251280_918619616185394_553340463754602788_n.jpg, ../Bible%20Marketing%20Database%2026bd3798725d8116ae2cff686c8318ac/321553052_1251538752447241_707025813469166727_n.jpg, ../Bible%20Marketing%20Database%2026bd3798725d8116ae2cff686c8318ac/321203022_552718359766980_1546511725701265290_n.jpg",Health,Website,Digital,2022
Moodyman,Rollerdisco – Soul Skate parties,Artist,Ideas,"../Bible%20Marketing%20Database%2026bd3798725d8116ae2cff686c8318ac/1253019.jpg, ../Bible%20Marketing%20Database%2026bd3798725d8116ae2cff686c8318ac/soul-skate-moodyman-detroit-london-berlin-2020.png","DJ Set, Party",Venue,IRL,2010
Moses Sumney,One of one NFT / NFC vinyl,Artist,Ideas,../Bible%20Marketing%20Database%2026bd3798725d8116ae2cff686c8318ac/291997744_1001676650459410_8419822978635195720_n.jpg,"Vinyl, Web3",Web3,"Digital, IRL",2021
Mura Masa,Hidden elements in Vinyl artwork,Artist,Ideas,../Bible%20Marketing%20Database%2026bd3798725d8116ae2cff686c8318ac/320495408_543397417683341_103596942533921460_n.jpg,"Artwork, Secret, Vinyl",Vinyl,IRL,2022
Nemahsis,Song playback to previous employer,Artist,Ideas,../Bible%20Marketing%20Database%2026bd3798725d8116ae2cff686c8318ac/Nemahsis__Car_Wash.mp4,Listening Party,"Car, Car Wash",IRL,2024
Nick Cave,Live stream performance in lobby of Alexandra Palace – Idiot Prayer,Artist,Ideas,,Live Stream,YouTube,Digital,2020
Nick Cave,Red Hand Files AMA,Artist,Ideas,../Bible%20Marketing%20Database%2026bd3798725d8116ae2cff686c8318ac/291664134_160978293121949_2863661643592160800_n.jpg,"Mailing List, Newsletter, Website","Mailing List, Website",Digital,2018
Odesza,Scavenger hunt unlocks album tracks and more,Artist,Ideas,../Bible%20Marketing%20Database%2026bd3798725d8116ae2cff686c8318ac/293199024_591158515936517_736280398284516775_n.jpg,"Album, Scavenger Hunt, Teasing",Website,Digital,2022
Olivia Rodrigo,Custom wrap taxi,Artist,Ideas,"../Bible%20Marketing%20Database%2026bd3798725d8116ae2cff686c8318ac/367739104_260859870205234_583506527010129302_n.jpg, ../Bible%20Marketing%20Database%2026bd3798725d8116ae2cff686c8318ac/367680629_730089265508482_7723518884362301176_n.jpg","Advertising, Taxi",,IRL,2023
Olivia Rodrigo,Artwork mural,Artist,Ideas,../Bible%20Marketing%20Database%2026bd3798725d8116ae2cff686c8318ac/367680629_730089265508482_7723518884362301176_n%201.jpg,"Advertising, Outdoor",Wall,IRL,2023
Omar Apollo,Billboards,Artist,Ideas,,,,,
ONES,Carboot sale – USBs and CDRs of new music,Artist,Ideas,,"Market, Merch",,IRL,2023
OOO,"2 way show: DJ plays a festival, on the screen behind them is a crowd in a club experiencing the set live-streamed. “Bringing Berlin to Coachella”",Artist,Ideas,,"Live, Live Stream",Venue,IRL,2025
OOO,Hyperlink hidden in text / email / mailing list,Artist,Ideas,,Secret,"Email, Link, Mailing List",Digital,2025
OOO,New merch sold exclusively through charity stores,Artist,Ideas,,"Charity, Merch, Surprise",Shop,IRL,2025
OOO,WhatsApp gif uploads to leak track titles and artwork,Artist,Ideas,,"GIF, Leak, Surprise",WhatsApp,Digital,2025
OOO,Treasure Hunt – TikTok reference,Artist,Ideas,,"Scavenger Hunt, Teasing",,"Digital, IRL",2022
OOO,Pub lock-in – Oasis tribute band,Artist,Ideas,,Live,Pub,IRL,2021
OOO,Give fans access to a Dropbox or Google Drive folder and tell them you’ll be periodically uploading songs,Artist,Ideas,,"Content, Fans, Music",Dropbox,Digital,
OOO,Hackathon day: what does this concept look like to do this with an artist or brand,"Artist, Brand",Ideas,,Activation,Venue,IRL,
OOO,"Socials tease of video, advance full length in exchange for email signup",Artist,Ideas,,"Sign-Up, Video","Socials, Website",Digital,
OOO,"Messages on vinyl centre label ",Artist,Ideas,,Vinyl,Vinyl,,
OOO,Digital billboard that logs you in and allows you to type something out and watch it appear in real time,Artist,Ideas,,"Advertising, Outdoor",,"Digital, IRL",
OOO,Street flyer with pull tabs,Artist,Ideas,../Bible%20Marketing%20Database%2026bd3798725d8116ae2cff686c8318ac/Flyer_with_pull_tabs.jpg,Posters,Street,IRL,
OOO,Pornhub video uploads (Drill artist),Artist,Ideas,,,,,
OOO,Billboard which reveals as rain washes top layer of ink off,Artist,Ideas,,"Advertising, Outdoor",Billboard,,
OOO,Video premiere in-person,Artist,Ideas,,"Cinema, Video",,IRL,
OOO,Exclusive revealed on a fan fiction story on Archive of Our Own,Artist,Ideas,,,,,
OOO,Album pre-save billed as invite-only playback of album which is an advance preview,Artist,Ideas,,,,,
OOO,Flexidisc / Dubplates,Artist,Ideas,,Vinyl,Vinyl,,
OOO,Serrated voucher insert people mail in exchange for next album announce / exclusive news,Artist,Ideas,,,,,
OOO,Clothes bank to donate in return for something,Artist,Ideas,,"Charity, Merch",Street,IRL,
OOO,Compete / vote for band to visit your town,Artist,Ideas,,Live,"Venue, Website","Digital, IRL",
OOO,Vinyl run-out groove engraving is a password to access a website,Artist,Ideas,,"Vinyl, Website",Vinyl,"Digital, IRL",
OOO,Different artist modelling merch,Artist,Ideas,,Merch,,,
OOO,Auction an experience via eBay,Artist,Ideas,,"Activation, Website",eBay,,
OOO,Fake Google Maps street view,Artist,Ideas,../Bible%20Marketing%20Database%2026bd3798725d8116ae2cff686c8318ac/ssstwitter.com_1715880697492.mp4,Secret,Google Maps,Digital,
OOO,House parties as club shows and after parties,Artist,Ideas,,"Fans, Live, Party","House, Venue",IRL,
OOO,Email address of artist domain for fans… fanname@artistname.com,Artist,Ideas,,"Community, Fans",Email,Digital,
OOO,Invite only access. Setup eBay auction from fake user selling invites,Artist,Ideas,,"Fanclub, Fans",eBay,Digital,
OOO,Test pressing giveaway,Artist,Ideas,,"Contest, Vinyl",Vinyl,IRL,
OOO,Dating app idea,Artist,Ideas,,,,,
OOO,"Surprise call fans (WhatsApp Community, Laylo, Cobrand) and play new song or send as VM",Artist,Ideas,,"Fans, Surprise","Phone, WhatsApp",,
OOO,Venue “check-in” to access exclusives – QR code on poster,Artist,Ideas,,Live,,"Digital, IRL",
Parcels,Fan submitted merch designs on Medallion,Artist,Ideas,../Bible%20Marketing%20Database%2026bd3798725d8116ae2cff686c8318ac/Parcels__Medallion.jpg,"Fans, Merch",Medallion,Digital,2023
Peggy Gou,"Surprise merch gifting and video shoot with creators - Lon, NY",Artist,Ideas,"../Bible%20Marketing%20Database%2026bd3798725d8116ae2cff686c8318ac/download-1.jpg, ../Bible%20Marketing%20Database%2026bd3798725d8116ae2cff686c8318ac/download%201.jpg","Merch, Performance, Surprise",Street,IRL,2023
PinkPantheress,Panic room with fans,Artist,Ideas,"../Bible%20Marketing%20Database%2026bd3798725d8116ae2cff686c8318ac/0d186a3d-7cc7-4024-9970-7d1dcd788faa.png, ../Bible%20Marketing%20Database%2026bd3798725d8116ae2cff686c8318ac/09042f78-954c-4c88-9b92-1e716c35c8f4.png","Activation, Event",Venue,IRL,2023
PinkPantheress x Ice Spice,Billboard installation,Artist,Ideas,"../Bible%20Marketing%20Database%2026bd3798725d8116ae2cff686c8318ac/FqjgUK-aEAIRCrY.jpg, ../Bible%20Marketing%20Database%2026bd3798725d8116ae2cff686c8318ac/download%202.jpg","Advertising, Outdoor",Billboard,IRL,2023
Portishead,Painted mannequins with the P logo on them placed around London in support of the Dummy album,Artist,Ideas,"../Bible%20Marketing%20Database%2026bd3798725d8116ae2cff686c8318ac/Portishead__Dummy__1.jpg, ../Bible%20Marketing%20Database%2026bd3798725d8116ae2cff686c8318ac/Portishead__Dummy__2.jpg, ../Bible%20Marketing%20Database%2026bd3798725d8116ae2cff686c8318ac/Portishead__Dummy__3.jpg, ../Bible%20Marketing%20Database%2026bd3798725d8116ae2cff686c8318ac/Portishead__Dummy__4.jpg",Statues,Street,IRL,1994
Powell,Turned email about sample into a billboard relating to the song,Artist,Ideas,"../Bible%20Marketing%20Database%2026bd3798725d8116ae2cff686c8318ac/330232557_1222962175319995_8682531779636279678_n.jpg, ../Bible%20Marketing%20Database%2026bd3798725d8116ae2cff686c8318ac/330149539_1144509252903330_4062572226129438455_n.jpg, ../Bible%20Marketing%20Database%2026bd3798725d8116ae2cff686c8318ac/330161127_196641603039334_4060812141948129742_n.jpg","Advertising, Outdoor",Billboard,IRL,2015
"QT (SOPHIE, A.G. Cook)",'Hey QT’ energy drink with single launch,Artist,Ideas,"../Bible%20Marketing%20Database%2026bd3798725d8116ae2cff686c8318ac/hjqrkzwzdt691.webp, ../Bible%20Marketing%20Database%2026bd3798725d8116ae2cff686c8318ac/qt1.jpg, ../Bible%20Marketing%20Database%2026bd3798725d8116ae2cff686c8318ac/341kynmfet691.jpg","Food & Drink, Merch",Item,IRL,2015
Queens of The Stone Age,Vinyl album listening parties,Artist,Ideas,"../Bible%20Marketing%20Database%2026bd3798725d8116ae2cff686c8318ac/Screenshot_2023-10-31_at_14.28.27.png, ../Bible%20Marketing%20Database%2026bd3798725d8116ae2cff686c8318ac/FxoqyyhaUAEZ3Ps.jpg","Album, Listening Party",Venue,IRL,2023
Red Bull,"RB placed empty cans in bins and around clubs to act as ‘social proof’, creating the illusion that everyone else was drinking Red Bull.",Brand,Ideas,"../Bible%20Marketing%20Database%2026bd3798725d8116ae2cff686c8318ac/Red_Stripe.jpg, ../Bible%20Marketing%20Database%2026bd3798725d8116ae2cff686c8318ac/https___i4.cmail19.com_ei_j_0B_C31_404_013217_csimport_pom-july-18-2024-test-2-41122_3.png",Brand,Trash,IRL,
Reverend & The Makers,One song a day giveaway,Artist,Ideas,../Bible%20Marketing%20Database%2026bd3798725d8116ae2cff686c8318ac/Screenshot_2024-01-17_at_16.18.36.png,"Giveaway, Music",Website,Digital,2024
Sad Night Dynamite,Album artwork tease on Spotify clips and avatar,Artist,Ideas,../Bible%20Marketing%20Database%2026bd3798725d8116ae2cff686c8318ac/SND_Spotify_Album_Tease.png,"Artwork, Teasing",Spotify,Digital,2024
Savages,8:00am show @ 100 Club,Artist,Ideas,../Bible%20Marketing%20Database%2026bd3798725d8116ae2cff686c8318ac/326151321_1604569093322646_7826913899889393569_n.jpg,Live,Venue,IRL,2016
Saya Gray,Website to preview EP with live chat from Saya,Artist,Ideas,"../Bible%20Marketing%20Database%2026bd3798725d8116ae2cff686c8318ac/Saya_Gray__EP_Chat_1.png, ../Bible%20Marketing%20Database%2026bd3798725d8116ae2cff686c8318ac/Saya_Gray__EP_Chat_2.jpg, ../Bible%20Marketing%20Database%2026bd3798725d8116ae2cff686c8318ac/Saya_Gray__EP_Chat_3.jpg",Listening Party,Website,Digital,2024
Serenade,Smart Formats: Physical-digital products that are chart eligible in the UK,Artist,Ideas,,"Character, Merch","Chart, Merch","Digital, IRL",2025
Skepta,Skepta and Jammer surprise show to celebrate single release,Artist,Ideas,"../Bible%20Marketing%20Database%2026bd3798725d8116ae2cff686c8318ac/Screenshot_2023-10-16_at_15.14.31.png, ../Bible%20Marketing%20Database%2026bd3798725d8116ae2cff686c8318ac/391204656_291693133747489_5580729153345171040_n.jpg, ../Bible%20Marketing%20Database%2026bd3798725d8116ae2cff686c8318ac/387767184_2181142768893528_7793646059634975943_n.jpg","Live, Surprise","Car, Street",IRL,2023
Skepta,COLORS performance filtered like Ignorance Is Bliss art,Artist,Ideas,,Session,COLORS,,
Skindred,Album contests & incentives,Artist,Ideas,../Bible%20Marketing%20Database%2026bd3798725d8116ae2cff686c8318ac/Skindred.jpeg,"Album, Contest",Website,Digital,2023
Skrillex,Made album available for free download on Dropbox prior to full release,Artist,Ideas,"../Bible%20Marketing%20Database%2026bd3798725d8116ae2cff686c8318ac/screencapture-reddit-r-skrillex-comments-1jokddb-fus-2025-10-17-12_36_31.png, ../Bible%20Marketing%20Database%2026bd3798725d8116ae2cff686c8318ac/Screenshot_2025-10-17_at_12.36.02.png, ../Bible%20Marketing%20Database%2026bd3798725d8116ae2cff686c8318ac/Screenshot_2025-10-17_at_12.35.00.png","Content, Fans, Music",Dropbox,Digital,2025
Sky Ferreira,Fans pay for plane to fly over record label HQ with banner,Artist,Ideas,"../Bible%20Marketing%20Database%2026bd3798725d8116ae2cff686c8318ac/381173242_307893098602715_8629046883161996020_n.jpg, ../Bible%20Marketing%20Database%2026bd3798725d8116ae2cff686c8318ac/371387171_1007140037092626_3763150165007610455_n.jpg, ../Bible%20Marketing%20Database%2026bd3798725d8116ae2cff686c8318ac/371746239_825378752582290_8109170903758259701_n.jpg","Fans, Outdoor",Plane,IRL,2023
slowthai,£1 tour – tickets priced at £1 playing small venues,Artist,Ideas,../Bible%20Marketing%20Database%2026bd3798725d8116ae2cff686c8318ac/W1siZiIsInB1YmxpYy8yMDIzLzIvMi8xMC81OS8yNC81MC9zbG93dGhhaV8xMjAweDYwMC5qcGciXV0.jpg,Live,"Venue, Website","Digital, IRL",2023
slowthai,12 hour live stream in a box,Artist,Ideas,../Bible%20Marketing%20Database%2026bd3798725d8116ae2cff686c8318ac/maxresdefault-1.jpg,"Live Stream, Video",YouTube,Digital,2023
slowthai,Album pop-up shop,Artist,Ideas,../Bible%20Marketing%20Database%2026bd3798725d8116ae2cff686c8318ac/download%203.jpg,"Album, Retail",Shop,IRL,2023
slowthai,Apple scented vinyl sticker,Artist,Ideas,../Bible%20Marketing%20Database%2026bd3798725d8116ae2cff686c8318ac/R-17393176-1613234738-3586.jpg,Vinyl,"Sticker, Vinyl",IRL,2021
slowthai,Budweiser parody for music vid,Artist,Ideas,"../Bible%20Marketing%20Database%2026bd3798725d8116ae2cff686c8318ac/Screenshot_2023-10-31_at_15.57.50.png, ../Bible%20Marketing%20Database%2026bd3798725d8116ae2cff686c8318ac/Screenshot_2023-10-31_at_15.57.31.png, ../Bible%20Marketing%20Database%2026bd3798725d8116ae2cff686c8318ac/Screenshot_2023-10-31_at_15.56.38.png","Parody, Video",Video,Digital,2021
slowthai,Upper and lowercase song titles to split album between arrogance / confidence and reflective / poignant,Artist,Ideas,../Bible%20Marketing%20Database%2026bd3798725d8116ae2cff686c8318ac/Screenshot_2023-10-16_at_18.53.32.png,Album,Tracklist,"Digital, IRL",2021
slowthai,"TYRON artwork playbook ",Artist,Ideas,,Artwork,Album,IRL,2021
slowthai,Postcards to fans to announce album,Artist,Ideas,"../Bible%20Marketing%20Database%2026bd3798725d8116ae2cff686c8318ac/slowthai_Postcard.jpg, ../Bible%20Marketing%20Database%2026bd3798725d8116ae2cff686c8318ac/EmymkCFW4AEUXIf.jpg, ../Bible%20Marketing%20Database%2026bd3798725d8116ae2cff686c8318ac/EmymkB_XcAAZ1vu.jpg, ../Bible%20Marketing%20Database%2026bd3798725d8116ae2cff686c8318ac/EmymkCGXUAILE_9.jpg, ../Bible%20Marketing%20Database%2026bd3798725d8116ae2cff686c8318ac/EmymkB8W4AIfHpA.jpg","Album, Fans",Postcards,IRL,2020
slowthai,99p tour – tickets priced 99p playing small venues,Artist,Ideas,../Bible%20Marketing%20Database%2026bd3798725d8116ae2cff686c8318ac/99P_Insta_Post-768x960-4016763695.jpg,Live,"Venue, Website","Digital, IRL",2019
slowthai,Nothing Great About Britain billboards,Artist,Ideas,"../Bible%20Marketing%20Database%2026bd3798725d8116ae2cff686c8318ac/291864980_339945455007912_5598299374214947887_n.jpg, ../Bible%20Marketing%20Database%2026bd3798725d8116ae2cff686c8318ac/292005162_405093931589315_9124262742292859895_n.jpg","Advertising, Outdoor",Billboard,IRL,2019
slowthai,2x slowthai’s for cover feature,Artist,Ideas,../Bible%20Marketing%20Database%2026bd3798725d8116ae2cff686c8318ac/2144.webp,"Press, Shoot",Magazine,IRL,2019
slowthai,£5 tour – tickets priced £5 playing Brixton Academy + other big venues,Artist,Ideas,../Bible%20Marketing%20Database%2026bd3798725d8116ae2cff686c8318ac/slowthai-announces-uk-tour-with-5-tickets.jpg,Live,"Venue, Website","Digital, IRL",2019
slowthai,Boris Johnson head at Mercury’s,Artist,Ideas,"../Bible%20Marketing%20Database%2026bd3798725d8116ae2cff686c8318ac/Capture-21.webp, ../Bible%20Marketing%20Database%2026bd3798725d8116ae2cff686c8318ac/18711388-0-image-a-32_1568971537569.jpg","Live, Prop",Award Show,IRL,2019
https://www.youtube.com/watch?v=vwOrLP4FvN0&,Video interviewing himself,Artist,Ideas,../Bible%20Marketing%20Database%2026bd3798725d8116ae2cff686c8318ac/maxresdefault%203.jpg,"Interview, Press",YouTube,Digital,2019
Spoon,Vinyl gratification program,Artist,Ideas,../Bible%20Marketing%20Database%2026bd3798725d8116ae2cff686c8318ac/291489508_172737475237900_2729591414245446423_n.jpg,"Retail, Vinyl",Record Shops,IRL,2014
Spotify,Spotify Blend collab playlists,Brand,Ideas,,"Content, Playlist, Streaming",Spotify,Digital,2023
Spotify,Roblox Island for artists and fans,Brand,Ideas,../Bible%20Marketing%20Database%2026bd3798725d8116ae2cff686c8318ac/SpotifyIsland-FTR-1440x733.png,Gaming,Roblox,Digital,
Stormzy,Venue bar and club to host parties,Artist,Ideas,"../Bible%20Marketing%20Database%2026bd3798725d8116ae2cff686c8318ac/Stormzy__HP_1.png, ../Bible%20Marketing%20Database%2026bd3798725d8116ae2cff686c8318ac/Stormzy__HP2.png, ../Bible%20Marketing%20Database%2026bd3798725d8116ae2cff686c8318ac/Stormzy__HP3.png, ../Bible%20Marketing%20Database%2026bd3798725d8116ae2cff686c8318ac/Stormzy__HP4.png","Activation, Residency",Venue,IRL,2024
https://readdork.com/news/stormzy-has-announced-a-free-to-attend-london-pop-up-themed-around-his-new-album-this-is-what-i-mean/,Album popup shop,Artist,Ideas,../Bible%20Marketing%20Database%2026bd3798725d8116ae2cff686c8318ac/image1-1-1.webp,"Album, Retail","Amazon, Shop",IRL,2022
Stormzy,Thorpe Park x Adidas birthday party with fans,Artist,Ideas,"../Bible%20Marketing%20Database%2026bd3798725d8116ae2cff686c8318ac/320781144_176259308369737_3278018654053530803_n.jpg, ../Bible%20Marketing%20Database%2026bd3798725d8116ae2cff686c8318ac/320909840_1160329301522197_6393447044651326436_n.jpg","Activation, Fans",Amusement Park,IRL,2016
Tanlines,Netflix parody website on album announce,Artist,Ideas,../Bible%20Marketing%20Database%2026bd3798725d8116ae2cff686c8318ac/Tanlines_-_Netflix.png,"Album, Content, Website",Website,Digital,2015
Taylor Swift,Spotify listening party – library installation,Artist,Ideas,../Bible%20Marketing%20Database%2026bd3798725d8116ae2cff686c8318ac/Spotify_-_Taylor_Swift.jpg,Listening Party,"Library, Spotify",IRL,2024
Taylor Swift,Album countdown on Instagram when you swipe down,Artist,Ideas,"../Bible%20Marketing%20Database%2026bd3798725d8116ae2cff686c8318ac/IMG_1508.png, ../Bible%20Marketing%20Database%2026bd3798725d8116ae2cff686c8318ac/IMG_1507.png, ../Bible%20Marketing%20Database%2026bd3798725d8116ae2cff686c8318ac/TS_IG.mp4","Album, Socials",Instagram,Digital,2024
Taylor Swift,Library installation in LA partnered with Spotify,Artist,Ideas,../Bible%20Marketing%20Database%2026bd3798725d8116ae2cff686c8318ac/GLOny8LbUAASMhm.jpg,"Activation, Album","Library, Spotify",IRL,2024
Taylor Swift,"Google custom search ",Artist,Ideas,,,,,
Teezo Touchdown,Video group call with fans for 8 days,Artist,Ideas,"../Bible%20Marketing%20Database%2026bd3798725d8116ae2cff686c8318ac/424936142_708969628011605_5968434276552349700_n.jpg, ../Bible%20Marketing%20Database%2026bd3798725d8116ae2cff686c8318ac/424898364_3622570704644503_6396938616986367772_n.jpg, ../Bible%20Marketing%20Database%2026bd3798725d8116ae2cff686c8318ac/424493546_410406648313141_2515332255240343826_n.jpg",Fans,FaceTime,Digital,2024
The 1975,Merch up-cycling at Reading Festival,Artist,Ideas,"../Bible%20Marketing%20Database%2026bd3798725d8116ae2cff686c8318ac/EClGctMXkAEixDd.jpg, ../Bible%20Marketing%20Database%2026bd3798725d8116ae2cff686c8318ac/EClGctRXsAARZ68.jpg, ../Bible%20Marketing%20Database%2026bd3798725d8116ae2cff686c8318ac/EClGctMWkAIip-b.jpg","Environment, Merch",Festival,IRL,2019
The Dare,236 hour party and live stream on Twitch,Artist,Ideas,../Bible%20Marketing%20Database%2026bd3798725d8116ae2cff686c8318ac/The_Dare__activation.png,"Activation, Live Stream, Party","Twitch, Venue","Digital, IRL",2024
The Hives,Call for coverbands to Franchise out,Artist,Ideas,"../Bible%20Marketing%20Database%2026bd3798725d8116ae2cff686c8318ac/402654090_18393195511025650_5835893294359941406_n.jpg, ../Bible%20Marketing%20Database%2026bd3798725d8116ae2cff686c8318ac/Screenshot_2023-11-23_at_16.35.53.png","Fans, Live",Cover Band,IRL,2023
The Rolling Stones,Album teasing in newspaper with fake advertisement,Artist,Ideas,"../Bible%20Marketing%20Database%2026bd3798725d8116ae2cff686c8318ac/download%204.jpg, ../Bible%20Marketing%20Database%2026bd3798725d8116ae2cff686c8318ac/the-rolling-stones-cryptic-album-release-082323-1a-59f0cf1417024faf85b2bcd481eb2303.jpg","Advertising, Newspaper, Teasing",Newspaper,IRL,2023
The Rolling Stones,Custom wrap taxi,Artist,Ideas,../Bible%20Marketing%20Database%2026bd3798725d8116ae2cff686c8318ac/70775626007-ap-britain-rolling-stones-hackney-diamonds-arrivals.webp,Advertising,Taxi,IRL,2023
The Smile,Video premiere and album playback in cinemas,Artist,Ideas,../Bible%20Marketing%20Database%2026bd3798725d8116ae2cff686c8318ac/screenshot-thesmiletheband.com-2024.01.09-13_03_53.png,"Album, Playbacks, Video",Cinema,IRL,2024
The Smile,Peaky Blinders Reddit post - email to music supervisor,Artist,Ideas,../Bible%20Marketing%20Database%2026bd3798725d8116ae2cff686c8318ac/The_Smile_Reddit.png,"Leak, Socials",Reddit,Digital,2022
The War On Drugs,‘Live Drugs’ live album release series and supporting podcast w/ album making of,,Ideas,,"Interview, Live","Podcast, Release","Digital, IRL",2020
The Weeknd,Fortnite Festival in-game performance,Artist,Ideas,../Bible%20Marketing%20Database%2026bd3798725d8116ae2cff686c8318ac/the-weeknd-fortnite2000x1270-1392x884.jpg,Gaming,Fortnite,Digital,2023
The Weeknd,Graphic novel adaptation of album,Artist,Ideas,"../Bible%20Marketing%20Database%2026bd3798725d8116ae2cff686c8318ac/292751561_2969799226654259_8514735991314999667_n.jpg, ../Bible%20Marketing%20Database%2026bd3798725d8116ae2cff686c8318ac/292752468_2294950903985260_5501533392779672387_n.jpg","Album, Character, Graphic Novel","Book, Person","Digital, IRL",2018
The xx,Mirrored album art at billboard,Artist,Ideas,../Bible%20Marketing%20Database%2026bd3798725d8116ae2cff686c8318ac/15876177_378341409198229_2849741144839946240_n.jpg,"Album, Outdoor",Billboard,IRL,2017
Thom Yorke,Album released via BitTorrent for $6,Artist,Ideas,../Bible%20Marketing%20Database%2026bd3798725d8116ae2cff686c8318ac/02YkFI8tGC8TXNkAEYM5Dd9-1..v1569487373.jpg,"Album Release, Surprise","BitTorrent, Website",Digital,2014
Travis Scott,Nike x John McEnroe collab Zoom meeting leak,Artist,Ideas,"../Bible%20Marketing%20Database%2026bd3798725d8116ae2cff686c8318ac/410042056_365463119312733_8407743374262414022_n.jpg, ../Bible%20Marketing%20Database%2026bd3798725d8116ae2cff686c8318ac/409182636_1742638779574203_4521692983484380377_n.jpg","Collab, Leak","Video, Zoom",Digital,2023
Travis Scott,Fortnite in-game performance,Artist,Ideas,"../Bible%20Marketing%20Database%2026bd3798725d8116ae2cff686c8318ac/maxresdefault%204.jpg, ../Bible%20Marketing%20Database%2026bd3798725d8116ae2cff686c8318ac/Fortnite_20200423190729.jpg",Gaming,Fortnite,Digital,2020
Two Shell,"“Boring Rock” merch sold on Bandcamp, the price increased with each sale. When smashed open it revealed a USB with exclusive music on it",Artist,Ideas,"../Bible%20Marketing%20Database%2026bd3798725d8116ae2cff686c8318ac/screencapture-twoshell-bandcamp-merch-boring-rock-2025-03-13-13_27_37.png, ../Bible%20Marketing%20Database%2026bd3798725d8116ae2cff686c8318ac/0034406754_10.jpg","Exclusive, Merch, Secret",Item,IRL,2024
Two Shell,Interview that expires,Artist,Ideas,"../Bible%20Marketing%20Database%2026bd3798725d8116ae2cff686c8318ac/292906211_796450358388530_5813664063915846193_n.jpg, ../Bible%20Marketing%20Database%2026bd3798725d8116ae2cff686c8318ac/292954407_1320507378355049_9038476836674422767_n.jpg","Interview, Press",Website,Digital,2022
Two Shell,"Website with over 75 passwords that reveal content such as music, mixes, remixes, documents, photos – shell.tech",Artist,Ideas,"../Bible%20Marketing%20Database%2026bd3798725d8116ae2cff686c8318ac/TwoShellMOT1-edited-1.png, ../Bible%20Marketing%20Database%2026bd3798725d8116ae2cff686c8318ac/Screenshot-2023-07-18-at-2.20.21-PM.png, ../Bible%20Marketing%20Database%2026bd3798725d8116ae2cff686c8318ac/screencapture-reddit-r-TheOverload-comments-107k0h1-two-shell-password-list-2025-03-13-13_34_59.png","Exclusive, Secret, Website",Website,Digital,
"Tyler, The Creator",Call Me If You Get Lost: Estate Sale deluxe album 2 years after orignal,Artist,Ideas,../Bible%20Marketing%20Database%2026bd3798725d8116ae2cff686c8318ac/9e069dc1-5e63-4644-8721-c68e574f0438_1500x1215.webp,"Album, Release","Album, Vinyl",IRL,2023
"Tyler, The Creator",Call Me If You Get Lost advert,Artist,Ideas,../Bible%20Marketing%20Database%2026bd3798725d8116ae2cff686c8318ac/N9EzD3V3rgMk2yGdRPivVcZ0T8Tw_lezBiiBwI0mETc.webp,"Album, Outdoor",Billboard,"Digital, IRL",2021
"Tyler, The Creator",IGOR character for album,Artist,Ideas,"../Bible%20Marketing%20Database%2026bd3798725d8116ae2cff686c8318ac/292353645_759379125213354_8868627760703491314_n.jpg, ../Bible%20Marketing%20Database%2026bd3798725d8116ae2cff686c8318ac/292628973_508416034390909_7187948529464807113_n.jpg, ../Bible%20Marketing%20Database%2026bd3798725d8116ae2cff686c8318ac/292423152_358267323047160_8852683795832586650_n.jpg","Album, Character",Person,IRL,2019
"Tyler, The Creator",Surprise London show,Artist,Ideas,"../Bible%20Marketing%20Database%2026bd3798725d8116ae2cff686c8318ac/1558356396715-_MG_2018.webp, ../Bible%20Marketing%20Database%2026bd3798725d8116ae2cff686c8318ac/1558352582513-_MG_2143.webp, ../Bible%20Marketing%20Database%2026bd3798725d8116ae2cff686c8318ac/1558352290575-_MG_1892.webp, ../Bible%20Marketing%20Database%2026bd3798725d8116ae2cff686c8318ac/1558352276418-_MG_1886.webp","Live, Surprise",Street,IRL,2019
"Tyler, The Creator","Finsta BTS revealed after album ",Artist,Ideas,,"Album, Socials",Instagram,Digital,
Underworld,Advance listen to new single 24 hours prior to release,Artist,Ideas,../Bible%20Marketing%20Database%2026bd3798725d8116ae2cff686c8318ac/Underworld.png,"Exclusive, Fans",Mailing List,Digital,2024
University,Old cassettes recorded over with new music and custom artwork,Artist,Ideas,,"Cassette, Custom",Cassette,IRL,2023
Vampire Weekend,All day album release show,Artist,Ideas,,"Album, Live",Venue,IRL,2019
Vera Sola,Bandcamp album listening party,Artist,Ideas,../Bible%20Marketing%20Database%2026bd3798725d8116ae2cff686c8318ac/Screenshot_2024-01-30_at_21.06.00.jpeg.png,"Album, Playbacks",Bandcamp,Digital,2024
Verknipt,Solo raving: arrange meet ups for people clubbing by themselves,Brand,Ideas,"../Bible%20Marketing%20Database%2026bd3798725d8116ae2cff686c8318ac/screencapture-docs-google-forms-d-e-1FAIpQLSem-brqruvm0L-17W3Duy-1yxhvy1Gl8jL6X1JnaPM2XaBGsQ-viewform-2025-10-20-11_58_31.png, ../Bible%20Marketing%20Database%2026bd3798725d8116ae2cff686c8318ac/screencapture-mailchi-mp-verknipt-soloraver-2025-10-20-11_57_45.png, ../Bible%20Marketing%20Database%2026bd3798725d8116ae2cff686c8318ac/Screenshot_2025-10-20_at_11.57.31.png, ../Bible%20Marketing%20Database%2026bd3798725d8116ae2cff686c8318ac/StorySaver.net-verkniptevents-Video-1760957832344.mp4, ../Bible%20Marketing%20Database%2026bd3798725d8116ae2cff686c8318ac/Screenshot_2025-10-20_at_11.53.30.png",Community,Venue,IRL,2025
Vinted,"Paul Mescal clothes for sale to raise money for charity ",Brand,Ideas,../Bible%20Marketing%20Database%2026bd3798725d8116ae2cff686c8318ac/Paul_Mescal__Vinted.jpg,Charity,Vinted,IRL,2024
Wu-Tang Clan,"5,000 edition album release each with unique artwork",,Ideas,"../Bible%20Marketing%20Database%2026bd3798725d8116ae2cff686c8318ac/IMG_1985.jpeg, ../Bible%20Marketing%20Database%2026bd3798725d8116ae2cff686c8318ac/IMG_1986.jpeg, ../Bible%20Marketing%20Database%2026bd3798725d8116ae2cff686c8318ac/IMG_1987.jpeg","Artwork, Exclusive",Vinyl,IRL,2025
Wu-Tang Clan,NFT purchase of album brings album release / pre-order date forward. More paid = more time brought forward,Artist,Ideas,"../Bible%20Marketing%20Database%2026bd3798725d8116ae2cff686c8318ac/Screenshot_2024-06-14_at_10.22.28.png, ../Bible%20Marketing%20Database%2026bd3798725d8116ae2cff686c8318ac/WT-Shaolin-1.jpg, ../Bible%20Marketing%20Database%2026bd3798725d8116ae2cff686c8318ac/WT-Shaolin-3.jpg, ../Bible%20Marketing%20Database%2026bd3798725d8116ae2cff686c8318ac/WT-Shaolin-2.jpg","Album, D2C, NFT",Website,Digital,2024
Wu-Tang Clan,1 of 1 album secretly recorded,Artist,Ideas,"../Bible%20Marketing%20Database%2026bd3798725d8116ae2cff686c8318ac/323849608_477020787940697_6761253417165627086_n.jpg, ../Bible%20Marketing%20Database%2026bd3798725d8116ae2cff686c8318ac/323786140_166902766042219_2684056089142906009_n.jpg, ../Bible%20Marketing%20Database%2026bd3798725d8116ae2cff686c8318ac/323819041_1422049828199493_2923069439772726099_n.jpg, ../Bible%20Marketing%20Database%2026bd3798725d8116ae2cff686c8318ac/323310793_1485642895257991_7943543105272079040_n.jpg","Album, Exclusive",Auction,IRL,2015
Yungblud,Melted #1 award to create jewelry,Artist,Ideas,"../Bible%20Marketing%20Database%2026bd3798725d8116ae2cff686c8318ac/320922467_2975806152723921_5269137272512964960_n.jpg, ../Bible%20Marketing%20Database%2026bd3798725d8116ae2cff686c8318ac/320554453_485917506983886_1876460873552582768_n.jpg, ../Bible%20Marketing%20Database%2026bd3798725d8116ae2cff686c8318ac/320607484_1180735866198862_6005249155871076136_n.jpg","Award, Fans, Merch",,IRL,2020